"Status","Start Time","Stop Time","Duration in ms","Parent Suite","Suite","Sub Suite","Test Class","Test Method","Name","Description"
"passed","Sat Aug 09 18:13:47 GMT 2025","Sat Aug 09 18:13:48 GMT 2025","864","Coffee-Cart-App Cross browser Test Suite","Firefox Tests","com.example.coffee_cart_app.testClasses.menuPage","com.example.coffee_cart_app.testClasses.menuPage","acceptPromo","acceptPromo",""
"passed","Sat Aug 09 18:14:07 GMT 2025","Sat Aug 09 18:14:08 GMT 2025","1145","Coffee-Cart-App Cross browser Test Suite","Chrome Tests","com.example.coffee_cart_app.testClasses.cartPage","com.example.coffee_cart_app.testClasses.cartPage","checkOutOrdersUsingCheckoutPage","checkOutOrdersUsingCheckoutPage",""
"passed","Sat Aug 09 18:14:01 GMT 2025","Sat Aug 09 18:14:02 GMT 2025","790","Coffee-Cart-App Cross browser Test Suite","Chrome Tests","com.example.coffee_cart_app.testClasses.menuPage","com.example.coffee_cart_app.testClasses.menuPage","pickMultipleOfTheSameItem","pickMultipleOfTheSameItem",""
"passed","Sat Aug 09 18:14:11 GMT 2025","Sat Aug 09 18:14:12 GMT 2025","551","Coffee-Cart-App Cross browser Test Suite","Chrome Tests","com.example.coffee_cart_app.testClasses.cartPage","com.example.coffee_cart_app.testClasses.cartPage","checkOutWithIncompletePaymentDetails","checkOutWithIncompletePaymentDetails",""
"passed","Thu Oct 17 05:27:12 GMT 2024","Thu Oct 17 05:27:13 GMT 2024","1011","Coffee-Cart-App Cross browser Test Suite","Chrome Tests","com.example.coffee_cart_app.testClasses.menuPage","com.example.coffee_cart_app.testClasses.menuPage","rejectPromo","rejectPromo",""
"passed","Sat Aug 09 18:14:05 GMT 2025","Sat Aug 09 18:14:09 GMT 2025","4819","Coffee-Cart-App Cross browser Test Suite","Edge Tests","com.example.coffee_cart_app.testClasses.cartPage","com.example.coffee_cart_app.testClasses.cartPage","addToCartThenDecreaseQuantity","addToCartThenDecreaseQuantity",""
"passed","Sat Aug 09 18:14:10 GMT 2025","Sat Aug 09 18:14:11 GMT 2025","1174","Coffee-Cart-App Cross browser Test Suite","Chrome Tests","com.example.coffee_cart_app.testClasses.cartPage","com.example.coffee_cart_app.testClasses.cartPage","checkOutWithEmptyPaymentDetails","checkOutWithEmptyPaymentDetails",""
"passed","Sat Aug 09 18:14:10 GMT 2025","Sat Aug 09 18:14:12 GMT 2025","2740","Coffee-Cart-App Cross browser Test Suite","Edge Tests","com.example.coffee_cart_app.testClasses.cartPage","com.example.coffee_cart_app.testClasses.cartPage","addToCartThenIncreaseQuantity","addToCartThenIncreaseQuantity",""
"passed","Sat Aug 09 18:14:21 GMT 2025","Sat Aug 09 18:14:21 GMT 2025","421","Coffee-Cart-App Cross browser Test Suite","Edge Tests","com.example.coffee_cart_app.testClasses.cartPage","com.example.coffee_cart_app.testClasses.cartPage","checkOutWithIncompletePaymentDetails","checkOutWithIncompletePaymentDetails",""
"passed","Sat Aug 09 18:13:54 GMT 2025","Sat Aug 09 18:13:55 GMT 2025","1660","Coffee-Cart-App Cross browser Test Suite","Firefox Tests","com.example.coffee_cart_app.testClasses.cartPage","com.example.coffee_cart_app.testClasses.cartPage","assertCartPageElements","assertCartPageElements",""
"passed","Sat Aug 09 18:14:05 GMT 2025","Sat Aug 09 18:14:06 GMT 2025","1317","Coffee-Cart-App Cross browser Test Suite","Edge Tests","com.example.coffee_cart_app.testClasses.menuPage","com.example.coffee_cart_app.testClasses.menuPage","acceptPromo","acceptPromo",""
"passed","Sat Aug 09 18:13:51 GMT 2025","Sat Aug 09 18:13:51 GMT 2025","705","Coffee-Cart-App Cross browser Test Suite","Firefox Tests","com.example.coffee_cart_app.testClasses.menuPage","com.example.coffee_cart_app.testClasses.menuPage","pickASingleItem","pickASingleItem",""
"passed","Sat Aug 09 18:14:10 GMT 2025","Sat Aug 09 18:14:10 GMT 2025","152","Coffee-Cart-App Cross browser Test Suite","Edge Tests","com.example.coffee_cart_app.testClasses.menuPage","com.example.coffee_cart_app.testClasses.menuPage","pickASingleItem","pickASingleItem",""
"passed","Sat Aug 09 18:14:03 GMT 2025","Sat Aug 09 18:14:04 GMT 2025","963","Coffee-Cart-App Cross browser Test Suite","Firefox Tests","com.example.coffee_cart_app.testClasses.cartPage","com.example.coffee_cart_app.testClasses.cartPage","checkOutWithIncompletePaymentDetails","checkOutWithIncompletePaymentDetails",""
"passed","Sat Aug 09 18:13:47 GMT 2025","Sat Aug 09 18:13:51 GMT 2025","3692","Coffee-Cart-App Cross browser Test Suite","Firefox Tests","com.example.coffee_cart_app.testClasses.cartPage","com.example.coffee_cart_app.testClasses.cartPage","addToCartThenDecreaseQuantity","addToCartThenDecreaseQuantity",""
"passed","Sat Aug 09 18:13:51 GMT 2025","Sat Aug 09 18:13:53 GMT 2025","2648","Coffee-Cart-App Cross browser Test Suite","Firefox Tests","com.example.coffee_cart_app.testClasses.cartPage","com.example.coffee_cart_app.testClasses.cartPage","addToCartThenIncreaseQuantity","addToCartThenIncreaseQuantity",""
"passed","Sat Aug 09 18:14:03 GMT 2025","Sat Aug 09 18:14:03 GMT 2025","705","Coffee-Cart-App Cross browser Test Suite","Firefox Tests","com.example.coffee_cart_app.testClasses.cartPage","com.example.coffee_cart_app.testClasses.cartPage","checkOutWithEmptyPaymentDetails","checkOutWithEmptyPaymentDetails",""
"passed","Sat Aug 09 18:13:53 GMT 2025","Sat Aug 09 18:13:54 GMT 2025","1240","Coffee-Cart-App Cross browser Test Suite","Chrome Tests","com.example.coffee_cart_app.testClasses.menuPage","com.example.coffee_cart_app.testClasses.menuPage","acceptPromo","acceptPromo",""
"passed","Sat Aug 09 18:13:58 GMT 2025","Sat Aug 09 18:14:01 GMT 2025","2616","Coffee-Cart-App Cross browser Test Suite","Chrome Tests","com.example.coffee_cart_app.testClasses.cartPage","com.example.coffee_cart_app.testClasses.cartPage","addToCartThenIncreaseQuantity","addToCartThenIncreaseQuantity",""
"passed","Sat Aug 09 18:14:03 GMT 2025","Sat Aug 09 18:14:07 GMT 2025","4470","Coffee-Cart-App Cross browser Test Suite","Chrome Tests","com.example.coffee_cart_app.testClasses.cartPage","com.example.coffee_cart_app.testClasses.cartPage","checkOutAllItemsInMenu","checkOutAllItemsInMenu",""
"passed","Sat Aug 09 18:14:17 GMT 2025","Sat Aug 09 18:14:19 GMT 2025","1434","Coffee-Cart-App Cross browser Test Suite","Edge Tests","com.example.coffee_cart_app.testClasses.cartPage","com.example.coffee_cart_app.testClasses.cartPage","checkOutOrdersUsingCheckoutPage","checkOutOrdersUsingCheckoutPage",""
"passed","Sat Aug 09 18:14:13 GMT 2025","Sat Aug 09 18:14:14 GMT 2025","1603","Coffee-Cart-App Cross browser Test Suite","Edge Tests","com.example.coffee_cart_app.testClasses.menuPage","com.example.coffee_cart_app.testClasses.menuPage","testMenuPageElementsVisibility","testMenuPageElementsVisibility",""
"passed","Sat Aug 09 18:13:48 GMT 2025","Sat Aug 09 18:13:50 GMT 2025","2476","Coffee-Cart-App Cross browser Test Suite","Firefox Tests","com.example.coffee_cart_app.testClasses.menuPage","com.example.coffee_cart_app.testClasses.menuPage","addAllItemsToCart","addAllItemsToCart",""
"passed","Sat Aug 09 18:14:05 GMT 2025","Sat Aug 09 18:14:05 GMT 2025","210","Coffee-Cart-App Cross browser Test Suite","Firefox Tests","com.example.coffee_cart_app.testClasses.cartPage","com.example.coffee_cart_app.testClasses.cartPage","checkOutWithNoItemInCart","checkOutWithNoItemInCart",""
"passed","Sat Aug 09 18:14:02 GMT 2025","Sat Aug 09 18:14:03 GMT 2025","1409","Coffee-Cart-App Cross browser Test Suite","Chrome Tests","com.example.coffee_cart_app.testClasses.menuPage","com.example.coffee_cart_app.testClasses.menuPage","testMenuPageElementsVisibility","testMenuPageElementsVisibility",""
"passed","Sat Aug 09 18:13:54 GMT 2025","Sat Aug 09 18:13:59 GMT 2025","4575","Coffee-Cart-App Cross browser Test Suite","Chrome Tests","com.example.coffee_cart_app.testClasses.menuPage","com.example.coffee_cart_app.testClasses.menuPage","addAllItemsToCart","addAllItemsToCart",""
"passed","Sat Aug 09 18:14:19 GMT 2025","Sat Aug 09 18:14:20 GMT 2025","1069","Coffee-Cart-App Cross browser Test Suite","Edge Tests","com.example.coffee_cart_app.testClasses.cartPage","com.example.coffee_cart_app.testClasses.cartPage","checkOutOrdersUsingPayContainerButton","checkOutOrdersUsingPayContainerButton",""
"passed","Sat Aug 09 18:13:55 GMT 2025","Sat Aug 09 18:13:59 GMT 2025","3053","Coffee-Cart-App Cross browser Test Suite","Firefox Tests","com.example.coffee_cart_app.testClasses.cartPage","com.example.coffee_cart_app.testClasses.cartPage","checkOutAllItemsInMenu","checkOutAllItemsInMenu",""
"passed","Sat Aug 09 18:14:08 GMT 2025","Sat Aug 09 18:14:10 GMT 2025","1322","Coffee-Cart-App Cross browser Test Suite","Chrome Tests","com.example.coffee_cart_app.testClasses.cartPage","com.example.coffee_cart_app.testClasses.cartPage","checkOutOrdersUsingPayContainerButton","checkOutOrdersUsingPayContainerButton",""
"passed","Sat Aug 09 18:13:51 GMT 2025","Sat Aug 09 18:13:53 GMT 2025","1318","Coffee-Cart-App Cross browser Test Suite","Firefox Tests","com.example.coffee_cart_app.testClasses.menuPage","com.example.coffee_cart_app.testClasses.menuPage","pickDifferentItems","pickDifferentItems",""
"passed","Sat Aug 09 18:14:21 GMT 2025","Sat Aug 09 18:14:21 GMT 2025","100","Coffee-Cart-App Cross browser Test Suite","Edge Tests","com.example.coffee_cart_app.testClasses.cartPage","com.example.coffee_cart_app.testClasses.cartPage","checkOutWithNoItemInCart","checkOutWithNoItemInCart",""
"passed","Sat Aug 09 18:14:01 GMT 2025","Sat Aug 09 18:14:02 GMT 2025","1246","Coffee-Cart-App Cross browser Test Suite","Chrome Tests","com.example.coffee_cart_app.testClasses.cartPage","com.example.coffee_cart_app.testClasses.cartPage","assertCartPageElements","assertCartPageElements",""
"passed","Sat Aug 09 18:14:14 GMT 2025","Sat Aug 09 18:14:17 GMT 2025","3482","Coffee-Cart-App Cross browser Test Suite","Edge Tests","com.example.coffee_cart_app.testClasses.cartPage","com.example.coffee_cart_app.testClasses.cartPage","checkOutAllItemsInMenu","checkOutAllItemsInMenu",""
"passed","Sat Aug 09 18:13:59 GMT 2025","Sat Aug 09 18:13:59 GMT 2025","125","Coffee-Cart-App Cross browser Test Suite","Chrome Tests","com.example.coffee_cart_app.testClasses.menuPage","com.example.coffee_cart_app.testClasses.menuPage","pickASingleItem","pickASingleItem",""
"passed","Sat Aug 09 18:14:11 GMT 2025","Sat Aug 09 18:14:12 GMT 2025","1042","Coffee-Cart-App Cross browser Test Suite","Edge Tests","com.example.coffee_cart_app.testClasses.menuPage","com.example.coffee_cart_app.testClasses.menuPage","pickDifferentItems","pickDifferentItems",""
"passed","Thu Oct 17 05:27:13 GMT 2024","Thu Oct 17 05:27:14 GMT 2024","555","Coffee-Cart-App Cross browser Test Suite","Edge Tests","com.example.coffee_cart_app.testClasses.menuPage","com.example.coffee_cart_app.testClasses.menuPage","rejectPromo","rejectPromo",""
"passed","Sat Aug 09 18:14:12 GMT 2025","Sat Aug 09 18:14:12 GMT 2025","116","Coffee-Cart-App Cross browser Test Suite","Chrome Tests","com.example.coffee_cart_app.testClasses.cartPage","com.example.coffee_cart_app.testClasses.cartPage","checkOutWithNoItemInCart","checkOutWithNoItemInCart",""
"passed","Sat Aug 09 18:14:12 GMT 2025","Sat Aug 09 18:14:13 GMT 2025","779","Coffee-Cart-App Cross browser Test Suite","Edge Tests","com.example.coffee_cart_app.testClasses.menuPage","com.example.coffee_cart_app.testClasses.menuPage","pickMultipleOfTheSameItem","pickMultipleOfTheSameItem",""
"passed","Sat Aug 09 18:13:53 GMT 2025","Sat Aug 09 18:13:54 GMT 2025","1256","Coffee-Cart-App Cross browser Test Suite","Firefox Tests","com.example.coffee_cart_app.testClasses.menuPage","com.example.coffee_cart_app.testClasses.menuPage","pickMultipleOfTheSameItem","pickMultipleOfTheSameItem",""
"passed","Sat Aug 09 18:14:01 GMT 2025","Sat Aug 09 18:14:02 GMT 2025","1805","Coffee-Cart-App Cross browser Test Suite","Firefox Tests","com.example.coffee_cart_app.testClasses.cartPage","com.example.coffee_cart_app.testClasses.cartPage","checkOutOrdersUsingPayContainerButton","checkOutOrdersUsingPayContainerButton",""
"passed","Sat Aug 09 18:13:54 GMT 2025","Sat Aug 09 18:13:56 GMT 2025","1297","Coffee-Cart-App Cross browser Test Suite","Firefox Tests","com.example.coffee_cart_app.testClasses.menuPage","com.example.coffee_cart_app.testClasses.menuPage","testMenuPageElementsVisibility","testMenuPageElementsVisibility",""
"passed","Sat Aug 09 18:13:59 GMT 2025","Sat Aug 09 18:14:01 GMT 2025","1479","Coffee-Cart-App Cross browser Test Suite","Chrome Tests","com.example.coffee_cart_app.testClasses.menuPage","com.example.coffee_cart_app.testClasses.menuPage","pickDifferentItems","pickDifferentItems",""
"passed","Sat Aug 09 18:14:20 GMT 2025","Sat Aug 09 18:14:20 GMT 2025","485","Coffee-Cart-App Cross browser Test Suite","Edge Tests","com.example.coffee_cart_app.testClasses.cartPage","com.example.coffee_cart_app.testClasses.cartPage","checkOutWithEmptyPaymentDetails","checkOutWithEmptyPaymentDetails",""
"broken","Tue Mar 04 13:30:29 GMT 2025","Tue Mar 04 13:30:51 GMT 2025","21604","Coffee-Cart-App Cross browser Test Suite","Firefox Tests","com.example.coffee_cart_app.testClasses.menuPage","com.example.coffee_cart_app.testClasses.menuPage","rejectPromo","rejectPromo",""
"passed","Sat Aug 09 18:13:59 GMT 2025","Sat Aug 09 18:14:00 GMT 2025","1579","Coffee-Cart-App Cross browser Test Suite","Firefox Tests","com.example.coffee_cart_app.testClasses.cartPage","com.example.coffee_cart_app.testClasses.cartPage","checkOutOrdersUsingCheckoutPage","checkOutOrdersUsingCheckoutPage",""
"passed","Sat Aug 09 18:14:06 GMT 2025","Sat Aug 09 18:14:10 GMT 2025","4096","Coffee-Cart-App Cross browser Test Suite","Edge Tests","com.example.coffee_cart_app.testClasses.menuPage","com.example.coffee_cart_app.testClasses.menuPage","addAllItemsToCart","addAllItemsToCart",""
"passed","Sat Aug 09 18:14:13 GMT 2025","Sat Aug 09 18:14:14 GMT 2025","1012","Coffee-Cart-App Cross browser Test Suite","Edge Tests","com.example.coffee_cart_app.testClasses.cartPage","com.example.coffee_cart_app.testClasses.cartPage","assertCartPageElements","assertCartPageElements",""
"passed","Sat Aug 09 18:13:53 GMT 2025","Sat Aug 09 18:13:58 GMT 2025","5351","Coffee-Cart-App Cross browser Test Suite","Chrome Tests","com.example.coffee_cart_app.testClasses.cartPage","com.example.coffee_cart_app.testClasses.cartPage","addToCartThenDecreaseQuantity","addToCartThenDecreaseQuantity",""
